{"cameraMode":{"drawMode":0,"name":"Shaded","section":"Shading Mode"},"sceneLighting":true,"audioPlay":false,"sceneViewState":{"m_AlwaysRefresh":false,"showFog":true,"showSkybox":true,"showFlares":true,"showImageEffects":true,"showParticleSystems":true,"showVisualEffectGraphs":true,"m_FxEnabled":true},"in2DMode":false,"pivot":{"x":-1.0741243362426758,"y":0.024016201496124269,"z":17.429885864257814},"rotation":{"x":0.09548847377300263,"y":0.08797658979892731,"z":-0.008467624895274639,"w":0.9915119409561157},"size":1.588733434677124,"orthographic":false}